sample,SNV_INDELS_coding_all_row_count
15-108_H2_Liver-Met,3.3280834751445183
15-108_J1_Liver-Met,3.598973990563258
15-108_K6_Lung-Met,3.366782120204338
15-108_M6_Lung-Met,3.792467215862358
15-108_Primary-FFPE,3.2893848300846984
15-109_H8_Liver-Met,7.275345271246156
15-109_I10_Liver-Met,9.210277524237155
15-109_M2_Ln-Met-,11.609593517945994
15-109_N1_R-Pelvic-LN,11.532196227826354
15-109_Primary-FFPE,10.642127391450494
16-070_H7_Liver-Met,7.352742561365796
16-070_I4_Liver-Met,11.261305712407614
16-070_L2_Mesintary-Ln-near-pancreas,11.222607067347793
16-070_M1_Periaortic-Ln,12.344867774082573
16-070_Primary-FFPE,8.707195138459495
16-070_S2_Pancrease-Met,11.377401647587075
16-079_H1_Liver-met,10.100346360613015
16-079_I3_Liver-met,9.674661264954995
16-079_M1_LN-met,10.371236876031753
16-079_N3_LN-met,9.829455845194275
16-079_Primary-FFPE,10.758223326629954
16-079_Q3_instestinal-soft-tissue-met-,10.680826036510314
16-097_G2_Lung-Met,4.411645536819478
16-097_H1_R-Lung-Met,3.444179410323978
16-097_J5_Liver-Met,5.108221147896237
16-097_L2_Liver-Met,4.489042826939118
16-097_Primary-FFPE,2.3219187035891986
17-020-G3,6.075687274391736
17-020-H4,5.611303533673897
17-020-K1,5.727399468853357
17-020-N1,5.9982899842720965
17-020-P2,5.611303533673897
17-026-H2,6.617468305229217
17-026-I1,5.882194049092637
17-026-J3,6.501372370049756
17-026-K2,7.314043916305976
17-026-M1,5.727399468853357
17-030G1,6.540071015109576
17-030H1,6.578769660169397
17-030I1,6.540071015109576
17-030L1,7.0431534008872365
17-030pM9,4.8760292775373175
17-047G5,47.48323748839911
17-047I5,40.169193572093135
17-047pD10,6.385276434870296
17-071G6,9.326373459416615
17-071I2,9.016784298938054
17-071L1,9.558565329775535
17-071pB9,18.49795233859395
18-016G2,3.676371280682898
18-016H7,3.598973990563258
18-065G1,3.444179410323978
18-065I1,3.0958916047855984
18-065pB2,1.8575349628713589
18-101G1,4.759933342357858
18-101K2,5.572604888614077
18-101M3,1.818836317811539
18-120H1,6.617468305229217
18-120J1,5.766098113913177
18-120L1,6.578769660169397
18-120pA14,0.1934932252990999
19-001G4,4.682536052238217
19-001J4,4.334248246699838
19-001L1,4.102056376340918
19-001pA3-U,5.611303533673897
19-004D2,7.236646626186336
19-004G3,7.352742561365796
19-004I1,6.927057465707776
19-004J1-007,5.727399468853357
19-004J1,8.204112752681835
19-004L1,6.617468305229217
19-007D5,10.758223326629954
19-007H2,10.448634166151395
19-007K3,10.913017906869234
19-022H1,4.140755021400738
19-022I1,4.256850956580197
19-022N2,3.947261796101638
19-022pJ13-B,4.295549601640018
19-037G3,3.9085631510418177
19-037I2,3.405480765264158
19-037K9,3.831165860922178
19-037L2,3.250686185024878
19-037P3,4.411645536819478
19-037pA1-T,2.5154119288882986
19-044G2,5.146919792956057
19-044I3,4.914727922597137
19-044J3,5.185618438015877
19-044K3,6.540071015109576
19-044N1,5.340413018255157
19-044pB11,0.15479458023927992
